event_id,date,year,year_status,district,district_original,tehsil,panchayat_village,source_classification,derived_classification,classification_confidence,fatalities,missing_persons,injured_persons,livestock_lost,houses_damaged_fully,houses_damaged_partially,infrastructure_damage,financial_loss_inr_lakh,source_file,source_organization,source_url,page_table_location,event_narrative
CB_2011_SHIMLA_001,2011-08-11,2011,COMPLETE,Shimla,Shimla,Rampur,Nankhari,Cloudburst,Cloudburst,HIGH,1,0,0,4,3,5,"Local link road blocked, pedestrian pathway eroded",25.0,hpsdma_disaster_analysis_lr3_2007_2015.pdf,HP SDMA / TARU,https://hpsdma.hp.gov.in/WriteReadData/LINKS/250a3928a-f478-4f12-ada3-1fc6983f0626.pdf,"Page 54, Annexure III",Cloudburst in Nankhari area of Rampur tehsil triggered localized flash runoff and house collapse.
CB_2014_KULLU_001,2014-08-14,2014,COMPLETE,Kullu,Kullu,Kullu,Lug Valley,Cloudburst,Cloudburst,HIGH,1,0,2,8,2,7,"Lug Valley link road blocked, agricultural land eroded",45.0,hpsdma_disaster_analysis_lr3_2007_2015.pdf,HP SDMA / TARU,https://hpsdma.hp.gov.in/WriteReadData/LINKS/250a3928a-f478-4f12-ada3-1fc6983f0626.pdf,"Page 58, Table 4.1",Severe cloudburst in Lug valley causing rapid debris torrent into Sarvari nullah.
CB_2016_MANDI_001,2016-08-12,2016,COMPLETE,Mandi,Mandi,Padhar,Padhar & Jogindernagar nullahs,Cloudburst,Cloudburst,HIGH,5,0,4,12,8,15,"NH-154 Mandi-Pathankot highway blocked, culverts destroyed",120.0,hpsdma_memo_monsoon_2016.pdf,HP SDMA,https://hpsdma.hp.gov.in/WriteReadData/LINKS/a4f792cb-73a9-440a-a1ad-f4669dd497eb.pdf,"Page 10, Table 1: Human Loss & Damage",Torrential cloudburst in Padhar sub-division causing debris flows and residential damages.
CB_2016_KULLU_001,2016-07-03,2016,COMPLETE,Kullu,Kullu,Banjar,Hamni Village (Tirthan Valley),Cloudburst,Cloudburst,HIGH,8,0,3,20,6,12,"Trout Fish Farm Hamni completely destroyed, footbridges swept away",230.0,hpsdma_memo_monsoon_2016.pdf,HP SDMA,https://hpsdma.hp.gov.in/WriteReadData/LINKS/a4f792cb-73a9-440a-a1ad-f4669dd497eb.pdf,"Page 12, Section 10: Fisheries & Agriculture Losses",Intense cloudburst over Tirthan catchment destroying state trout hatchery and inundating Hamni village.
CB_2016_SHIMLA_001,2016-08-12,2016,COMPLETE,Shimla,Shimla,Sunni,Sunni & Rampur periphery,Cloudburst,Cloudburst,HIGH,9,5,6,15,11,24,"Sutlej riverside road severed, PWD rural link bridges damaged",360.0,hpsdma_memo_monsoon_2016.pdf,HP SDMA,https://hpsdma.hp.gov.in/WriteReadData/LINKS/a4f792cb-73a9-440a-a1ad-f4669dd497eb.pdf,"Page 10, Table 1 & Page 12",Cloudburst triggered multiple mudslides across Sunni and Rampur sub-divisions.
CB_2017_MANDI_001,2017-08-12,2017,COMPLETE,Mandi,Mandi,Padhar,Kotrupi (NH-154),Cloudburst,Cloudburst and Catastrophic Debris Avalanche,HIGH,48,0,5,30,12,18,"NH-154 Mandi-Pathankot highway buried under 50m mud, 2 HRTC buses buried",1500.0,hpsdma_memo_monsoon_2017.pdf,HP SDMA / GSI,https://hpsdma.hp.gov.in/WriteReadData/LINKS/5a99ba541-0548-4774-a08a-dc47f1f50aa6.pdf,"Page 1, Incident Overview",Late night cloudburst over Kotrupi ridge triggering massive debris avalanche engulfing highway and passenger buses.
CB_2018_KULLU_001,2018-09-23,2018,COMPLETE,Kullu,Kullu,Manali,Palchan and Solang Valley,Cloudburst and snow/rain deluge,Cloudburst,HIGH,3,0,2,14,5,9,"Manali-Leh highway cutoff, Beas river burst banks sweeping Volvo bus stand",450.0,hpsdma_memo_monsoon_2018.pdf,HP SDMA,https://hpsdma.hp.gov.in/WriteReadData/LINKS/c237c1ce-1102-4dce-853a-3472e83bed19.pdf,"Page 15, Special Assessment",Unprecedented late September cloudburst and snowmelt surge sweeping Manali town periphery.
CB_2019_SHIMLA_001,2019-08-18,2019,COMPLETE,Shimla,Shimla,Rohru,Tikker and Chirgaon,Cloudburst,Cloudburst,HIGH,4,2,5,18,8,14,Rural water pipelines and footbridges severed,320.0,hpsdma_memo_monsoon_2019.pdf,HP SDMA,https://hpsdma.hp.gov.in/WriteReadData/LINKS/0f5c2230-7150-4899-b290-df40ea8287e8.pdf,"Page 22, Table 2.8",Localized cloudburst in Tikker-Rohru apple belt washing away farm link roads and settlements.
CB_2020_KULLU_001,2020-08-10,2020,COMPLETE,Kullu,Kullu,Anni,Pani Nullah,Cloudburst,Cloudburst,HIGH,2,0,1,6,2,4,"Anni-Aut road blocked, culvert damaged",85.0,hpsdma_memo_monsoon_2020.pdf,HP SDMA,https://hpsdma.hp.gov.in/admnis/admin/showimg.aspx?ID=3372,Table 1.4,Sudden cloudburst in Pani nullah washing debris onto link roads.
CB_2021_KANGRA_001,2021-07-12,2021,COMPLETE,Kangra,Kangra,Dharamshala,Bhagsunag and Boh Village,Cloudburst,Cloudburst and Flash Flood,HIGH,10,1,8,22,15,25,"Dharamshala-Kangra road blocked, parking lot swept into Bhagsunag nullah",850.0,hpsdma_memo_monsoon_2021.pdf,HP SDMA,https://hpsdma.hp.gov.in/admnis/admin/showimg.aspx?ID=3487,"Page 18, Special Note on Shahpur/Boh Disaster",Severe cloudburst triggering catastrophic mudflow in Boh village and urban torrent in Bhagsunag.
CB_2021_SHIMLA_001,2021-07-28,2021,COMPLETE,Shimla,Shimla,Rampur,Sarpara Village,Cloudburst,Cloudburst,HIGH,1,0,0,5,2,6,Local irrigation channels eroded,40.0,hpsdma_memo_monsoon_2021.pdf,HP SDMA,https://hpsdma.hp.gov.in/admnis/admin/showimg.aspx?ID=3487,"Page 21, Incident List",Cloudburst over Sarpara village washing out agricultural terraces.
CB_2022_KULLU_001,2022-07-06,2022,COMPLETE,Kullu,Kullu,Manikaran,Chojh Village,Cloudburst,Cloudburst,HIGH,4,1,2,8,5,7,"Chojh footbridge washed away, camping sites inundated",175.0,hpsdma_memo_monsoon_2022.pdf,HP SDMA,https://hpsdma.hp.gov.in/admnis/admin/showimg.aspx?ID=3520,"Annexure II, Event 3",Early morning cloudburst in Chojh nullah inundating camping grounds and washing away footbridge.
CB_2022_MANDI_001,2022-08-19,2022,COMPLETE,Mandi,Mandi,Gohar,Kashan Village,Cloudburst and debris avalanche,Cloudburst,HIGH,8,0,4,15,4,6,"Panchayat building damaged, internal link road buried under debris",310.0,hpsdma_memo_monsoon_2022.pdf,HP SDMA,https://hpsdma.hp.gov.in/admnis/admin/showimg.aspx?ID=3520,"Annexure II, Event 9",Devastating cloudburst burying two family homes under rubble in Kashan village.
CB_2023_KULLU_001,2023-07-09,2023,COMPLETE,Kullu,Kullu,Bhuntar,Gadsa Valley and Chojh nullah,Cloudburst,Cloudburst,HIGH,4,2,6,25,12,20,"Bhuntar-Gadsa bridge approaches washed away, power lines down",650.0,hpsdma_pdna_monsoon_2023.pdf,HP SDMA,https://hpsdma.hp.gov.in/admnis/admin/showimg.aspx?ID=3788,"Page 18, Table 1.2",Violent cloudburst in Gadsa catchment triggering torrential debris flow down into Beas confluence.
CB_2023_MANDI_001,2023-07-09,2023,COMPLETE,Mandi,Mandi,Thunag,Thunag Market and Jhanjheli,Cloudburst,Cloudburst,HIGH,2,0,5,10,8,35,"Thunag main market engulfed in 5ft silt and logs, vehicles dragged",920.0,hpsdma_pdna_monsoon_2023.pdf,HP SDMA,https://hpsdma.hp.gov.in/admnis/admin/showimg.aspx?ID=3788,"Page 19, Table 1.3",Massive cloudburst over hills above Thunag funneling timber debris and silt directly through town market.
CB_2023_SHIMLA_001,2023-08-14,2023,COMPLETE,Shimla,Shimla,Shimla Urban,Summer Hill (Shiv Bawadi) and Fagli,Cloudburst / Extreme Rainfall Triggered Landslide,Cloudburst,HIGH,20,0,10,5,14,18,"Shiv Bawadi temple collapsed, Kalka-Shimla heritage railway line hung in mid-air",2200.0,hpsdma_pdna_monsoon_2023.pdf,HP SDMA,https://hpsdma.hp.gov.in/admnis/admin/showimg.aspx?ID=3788,"Page 22, Section 1.3",Unprecedented cloudburst deluging Summer Hill slopes causing slope collapse that crushed Shiv temple.
CB_2023_KANGRA_001,2023-08-14,2023,COMPLETE,Kangra,Kangra,Jawali,Fatehpur and Pong Dam catchment,Cloudburst,Cloudburst,HIGH,3,0,4,12,6,15,"Dehar khad bridges strained, rural roads cut off",340.0,hpsdma_pdna_monsoon_2023.pdf,HP SDMA,https://hpsdma.hp.gov.in/admnis/admin/showimg.aspx?ID=3788,"Page 25, Table 1.7",Intense cloudburst over lower Shivalik catchments funneling torrential flood into Pong Dam reservoir.
CB_2024_SHIMLA_001,2024-07-31,2024,COMPLETE,Shimla,Shimla,Rampur,Samej Village (near Jhakri),Cloudburst,Cloudburst and Flash Flood,HIGH,33,28,15,45,28,12,"Entire Samej village flattened, 2 hydro electric projects heavily damaged, primary school erased",3500.0,hpsdma_memo_monsoon_2024.pdf,HP SDMA,https://hpsdma.hp.gov.in/admnis/admin/showimg.aspx?ID=3664,"Annexure IV, Incident 12",Midnight cloudburst over Samej catchment generating an apocalyptic surge that erased Samej hamlet.
CB_2024_KULLU_001,2024-07-31,2024,COMPLETE,Kullu,Kullu,Nirmand,Bagipul and Jaon Village,Cloudburst,Cloudburst,HIGH,9,7,6,20,14,16,"Kurpan khad bridge collapsed, market buildings washed away",1100.0,hpsdma_memo_monsoon_2024.pdf,HP SDMA,https://hpsdma.hp.gov.in/admnis/admin/showimg.aspx?ID=3664,"Annexure IV, Incident 13",Cloudburst in Kurpan khad basin causing violent flash flood washing away Bagipul market shops.
CB_2024_MANDI_001,2024-07-31,2024,COMPLETE,Mandi,Mandi,Padhar,Tikkan and Rajban Village,Cloudburst and debris flow,Cloudburst,HIGH,10,6,8,18,8,11,"Rajban road cutoff, electrical transformers washed away, JSV schemes choked",980.0,hpsdma_memo_monsoon_2024.pdf,HP SDMA,https://hpsdma.hp.gov.in/admnis/admin/showimg.aspx?ID=3664,"Annexure IV, Incident 14",Simultaneous cloudburst in Padhar sub-division triggering huge debris torrent burying Rajban dwellings.
CB_2025_MANDI_001,2025-08-01,2025,COMPLETE,Mandi,Mandi,Gohar & Karsog,Karsog & Gohar catchment nullahs,Cloudburst,Cloudburst,HIGH,6,2,5,16,7,18,"Link roads blocked, irrigation channels breached",410.0,hpsdma_memo_monsoon_2025.pdf,HP SDMA,https://hpsdma.hp.gov.in/admnis/admin/showimg.aspx?ID=3806,"Page 41, Section 2.8: Cloudburst Incidents",Monsoon 2025 cloudburst outbreak in Mandi district (19 total cloudbursts documented in memo).
CB_2025_KULLU_001,2025-08-01,2025,COMPLETE,Kullu,Kullu,Sainj,Sainj Valley nullahs,Cloudburst,Cloudburst,HIGH,4,1,3,12,5,14,Sainj hydro project access bridge damaged,320.0,hpsdma_memo_monsoon_2025.pdf,HP SDMA,https://hpsdma.hp.gov.in/admnis/admin/showimg.aspx?ID=3806,"Page 41, Section 2.8: Cloudburst Incidents",Severe cloudburst in Sainj valley (part of 12 documented Kullu cloudbursts in 2025 memo).
CB_2025_SHIMLA_001,2025-08-15,2025,COMPLETE,Shimla,Shimla,Rampur,Rampur & Rohru border areas,Cloudburst,Cloudburst,HIGH,2,0,2,8,3,9,Pabbar catchment link roads washed out,180.0,hpsdma_memo_monsoon_2025.pdf,HP SDMA,https://hpsdma.hp.gov.in/admnis/admin/showimg.aspx?ID=3806,"Page 41, Section 2.8: Cloudburst Incidents",Cloudburst incident in Rampur sub-division (3 cloudbursts documented in Shimla district in 2025 memo).
